asin,description
Y02TQVSNDB,Prod description for Y02TQVSNDB
3580G8N701,Prod description for 3580G8N701
9BGZBL2HER,Prod description for 9BGZBL2HER
V3ZOW9951F,Prod description for V3ZOW9951F
4FKPC54HAT,Prod description for 4FKPC54HAT
VJ600BLMLB,Prod description for VJ600BLMLB
DARHRP1E8E,Prod description for DARHRP1E8E
4FKEE329P6,Prod description for 4FKEE329P6
LDE62TW6UL,Prod description for LDE62TW6UL
XTIBX9JIQG,Prod description for XTIBX9JIQG
8RP61CG5WV,Prod description for 8RP61CG5WV
QWWAZNKQIY,Prod description for QWWAZNKQIY
CCWJB10MCA,Prod description for CCWJB10MCA
IW0ONOF1PU,Prod description for IW0ONOF1PU
Q4ZZPA9N3T,Prod description for Q4ZZPA9N3T
AQ4YJCVB0Y,Prod description for AQ4YJCVB0Y
9KR4NWTMOR,Prod description for 9KR4NWTMOR
23HWPV6L56,Prod description for 23HWPV6L56
OS9I19MH7N,Prod description for OS9I19MH7N
PWOHYT9CWQ,Prod description for PWOHYT9CWQ
211OOC1LP0,Prod description for 211OOC1LP0
RBZWS8YMKS,Prod description for RBZWS8YMKS
2I78CFY2CS,Prod description for 2I78CFY2CS
O9AEGVKIZ8,Prod description for O9AEGVKIZ8
NZHCPM0GP2,Prod description for NZHCPM0GP2
Q2ERWO7FNX,Prod description for Q2ERWO7FNX
GFASSX1XYZ,Prod description for GFASSX1XYZ
KTSC7AG1KH,Prod description for KTSC7AG1KH
11C6TA4TF5,Prod description for 11C6TA4TF5
F7NACOO937,Prod description for F7NACOO937
ELHLGFJLW6,Prod description for ELHLGFJLW6
B8J6KC19P6,Prod description for B8J6KC19P6
WQ0ROCPQWY,Prod description for WQ0ROCPQWY
CZXBK6DH48,Prod description for CZXBK6DH48
8TJZ30R97I,Prod description for 8TJZ30R97I
Y2CFPZ7NSZ,Prod description for Y2CFPZ7NSZ
AXPB15HM9S,Prod description for AXPB15HM9S
5G25RSP4D9,Prod description for 5G25RSP4D9
YPZ5QSRW72,Prod description for YPZ5QSRW72
QS2VJPASDW,Prod description for QS2VJPASDW
ETJG0AOEFL,Prod description for ETJG0AOEFL
B47S7MHLVO,Prod description for B47S7MHLVO
GMY6PNGSUR,Prod description for GMY6PNGSUR
M2Z1S1KUB9,Prod description for M2Z1S1KUB9
W24VOWA910,Prod description for W24VOWA910
U4DUE0UBB6,Prod description for U4DUE0UBB6
UKM5KLBB1Y,Prod description for UKM5KLBB1Y
SUSK9QYAPX,Prod description for SUSK9QYAPX
616WQ5VJOI,Prod description for 616WQ5VJOI
XBP5OKTLKT,Prod description for XBP5OKTLKT
79FVP0VA4H,Prod description for 79FVP0VA4H
D8QS15GQKW,Prod description for D8QS15GQKW
MV7G0330SO,Prod description for MV7G0330SO
VGUFCKY637,Prod description for VGUFCKY637
LUNH5E10V4,Prod description for LUNH5E10V4
XLOG6UXJ75,Prod description for XLOG6UXJ75
PY1N5VS2OX,Prod description for PY1N5VS2OX
3TPP9ST7LB,Prod description for 3TPP9ST7LB
RMD4222668,Prod description for RMD4222668
KV0TVCYC1W,Prod description for KV0TVCYC1W
ZOVGN857Y4,Prod description for ZOVGN857Y4
IJE40X8UWF,Prod description for IJE40X8UWF
MP9C3IHDKO,Prod description for MP9C3IHDKO
7PNV75AD8Z,Prod description for 7PNV75AD8Z
E2D20PYHT6,Prod description for E2D20PYHT6
18Y2NDTMOI,Prod description for 18Y2NDTMOI
AXQQDS7PH5,Prod description for AXQQDS7PH5
TGB91T9RJT,Prod description for TGB91T9RJT
OT292ITQBG,Prod description for OT292ITQBG
OA4ZUU37D0,Prod description for OA4ZUU37D0
TZLN2CTAMZ,Prod description for TZLN2CTAMZ
N1H6S4DQ7S,Prod description for N1H6S4DQ7S
PLWXE71M0E,Prod description for PLWXE71M0E
WETVMJOEOR,Prod description for WETVMJOEOR
T0OJMFLBRJ,Prod description for T0OJMFLBRJ
C9XLF1V8WT,Prod description for C9XLF1V8WT
10O2PF0117,Prod description for 10O2PF0117
WBCSRB4IFE,Prod description for WBCSRB4IFE
W0ETL8NQOU,Prod description for W0ETL8NQOU
BMXVFEJ9KP,Prod description for BMXVFEJ9KP
6VYH95TNKN,Prod description for 6VYH95TNKN
Y1KSZWH8FI,Prod description for Y1KSZWH8FI
BDQYIEE4M4,Prod description for BDQYIEE4M4
M4Z2RJV3X5,Prod description for M4Z2RJV3X5
5Q6O7POLT3,Prod description for 5Q6O7POLT3
XS2AGXGZNK,Prod description for XS2AGXGZNK
40DSJ4LAV8,Prod description for 40DSJ4LAV8
2T2RM8EM6I,Prod description for 2T2RM8EM6I
CAGX6WKU84,Prod description for CAGX6WKU84
2XO89TKBSQ,Prod description for 2XO89TKBSQ
O9P7ISX5RG,Prod description for O9P7ISX5RG
MAGQU2AGV9,Prod description for MAGQU2AGV9
5HR3HU1B8V,Prod description for 5HR3HU1B8V
X8PMBBKRDH,Prod description for X8PMBBKRDH
EM2QZ4FRJR,Prod description for EM2QZ4FRJR
68VQVOHX1Q,Prod description for 68VQVOHX1Q
BB69YCU6LW,Prod description for BB69YCU6LW
5ZGXRWQMFS,Prod description for 5ZGXRWQMFS
6O8I0T247D,Prod description for 6O8I0T247D
8CQ72Y8K4B,Prod description for 8CQ72Y8K4B
T1EVBGBLZ1,Prod description for T1EVBGBLZ1
ZSKGUIVPHM,Prod description for ZSKGUIVPHM
IEAELO5SPG,Prod description for IEAELO5SPG
C57QWDDCY9,Prod description for C57QWDDCY9
SXGXN532TS,Prod description for SXGXN532TS
TGDNZ5NWP5,Prod description for TGDNZ5NWP5
6V2KXTGTOE,Prod description for 6V2KXTGTOE
89OYELRG5C,Prod description for 89OYELRG5C
SSE1RBR8A3,Prod description for SSE1RBR8A3
8IVV6J1BLR,Prod description for 8IVV6J1BLR
1ABY4D6OWK,Prod description for 1ABY4D6OWK
MR17FDB57I,Prod description for MR17FDB57I
NAXBXBXN8D,Prod description for NAXBXBXN8D
NCH7NUPR8U,Prod description for NCH7NUPR8U
MB9LS50EHM,Prod description for MB9LS50EHM
A1OWERYO84,Prod description for A1OWERYO84
2TGLHRNUJT,Prod description for 2TGLHRNUJT
LCBAS4OMUD,Prod description for LCBAS4OMUD
3T9NCGLK66,Prod description for 3T9NCGLK66
JZ26X0PMZI,Prod description for JZ26X0PMZI
7WENVFQXRY,Prod description for 7WENVFQXRY
G8HT6HFRH2,Prod description for G8HT6HFRH2
0J187WTN1R,Prod description for 0J187WTN1R
R2FLJ8F1OZ,Prod description for R2FLJ8F1OZ
ES0N57OTUQ,Prod description for ES0N57OTUQ
54UB0TAMRV,Prod description for 54UB0TAMRV
ZTK3H19HJA,Prod description for ZTK3H19HJA
T0DMTEVIBG,Prod description for T0DMTEVIBG
B6D13LGW8F,Prod description for B6D13LGW8F
73SDDF4L46,Prod description for 73SDDF4L46
KFCEJFZKC0,Prod description for KFCEJFZKC0
IIQPVBK5HF,Prod description for IIQPVBK5HF
SE96X3EQIE,Prod description for SE96X3EQIE
XAGD1GNRBH,Prod description for XAGD1GNRBH
1C3PXDHKU6,Prod description for 1C3PXDHKU6
TK34QRQKS2,Prod description for TK34QRQKS2
QEU267EATM,Prod description for QEU267EATM
FBSH2JBI6F,Prod description for FBSH2JBI6F
SV91S9X4VW,Prod description for SV91S9X4VW
RBNAWO4IYM,Prod description for RBNAWO4IYM
YSG2R8VLS4,Prod description for YSG2R8VLS4
QY00KP1X28,Prod description for QY00KP1X28
38HZ864IU3,Prod description for 38HZ864IU3
6BV3L1T3L4,Prod description for 6BV3L1T3L4
RKOI7Y1TXP,Prod description for RKOI7Y1TXP
GERJ297DD2,Prod description for GERJ297DD2
B4R8AWATEH,Prod description for B4R8AWATEH
JSM03Z1LJQ,Prod description for JSM03Z1LJQ
820R8G30WI,Prod description for 820R8G30WI
WR8VGTYNMK,Prod description for WR8VGTYNMK
V3RK2FYMLX,Prod description for V3RK2FYMLX
UULM5QWXLU,Prod description for UULM5QWXLU
8HJGJDWIL8,Prod description for 8HJGJDWIL8
R01R7CFHD8,Prod description for R01R7CFHD8
RP5KOPXIDB,Prod description for RP5KOPXIDB
BQQT8W1GIO,Prod description for BQQT8W1GIO
HREXKA40HP,Prod description for HREXKA40HP
6FX5R22R2V,Prod description for 6FX5R22R2V
X7KIFEQYQA,Prod description for X7KIFEQYQA
H23FQG78BT,Prod description for H23FQG78BT
38JK16RGAF,Prod description for 38JK16RGAF
MDASL6AIY8,Prod description for MDASL6AIY8
32GHPHUVEZ,Prod description for 32GHPHUVEZ
AOYJIMW5YH,Prod description for AOYJIMW5YH
P583G1ISM6,Prod description for P583G1ISM6
JQJ5XCVL8Z,Prod description for JQJ5XCVL8Z
RTYI70FD8W,Prod description for RTYI70FD8W
YCYOMVQ8GR,Prod description for YCYOMVQ8GR
DQGEUEO4PZ,Prod description for DQGEUEO4PZ
35F905DFJ8,Prod description for 35F905DFJ8
3BH0ZBU7JQ,Prod description for 3BH0ZBU7JQ
QY3U3QXMQI,Prod description for QY3U3QXMQI
CFEHNBZ2DI,Prod description for CFEHNBZ2DI
NTBGPKVG67,Prod description for NTBGPKVG67
OIBLLP6NWO,Prod description for OIBLLP6NWO
01B5N7X2IG,Prod description for 01B5N7X2IG
M7IYGKH6IG,Prod description for M7IYGKH6IG
U99ZHZVEA5,Prod description for U99ZHZVEA5
562V6XQZE7,Prod description for 562V6XQZE7
7L7TEE2UWY,Prod description for 7L7TEE2UWY
X6B16RV7VM,Prod description for X6B16RV7VM
QON04VJLDX,Prod description for QON04VJLDX
7HJH4IMRPN,Prod description for 7HJH4IMRPN
R03O5PNHVI,Prod description for R03O5PNHVI
JW2DTJEO5R,Prod description for JW2DTJEO5R
0379YQWE1P,Prod description for 0379YQWE1P
W4J2YBE58I,Prod description for W4J2YBE58I
LF9EU1UNNY,Prod description for LF9EU1UNNY
EMZI5K6UA5,Prod description for EMZI5K6UA5
C3KFK45ZJG,Prod description for C3KFK45ZJG
9M089IW92P,Prod description for 9M089IW92P
XUDF4EC7N0,Prod description for XUDF4EC7N0
58FM0BW1NT,Prod description for 58FM0BW1NT
MTMQ6JYE4S,Prod description for MTMQ6JYE4S
BTJHUI6NWV,Prod description for BTJHUI6NWV
F96GAQCKXX,Prod description for F96GAQCKXX
GPVSEQ5LW1,Prod description for GPVSEQ5LW1
ILTXNYNENV,Prod description for ILTXNYNENV
SSQRYOKDON,Prod description for SSQRYOKDON
3HV6B6CK9E,Prod description for 3HV6B6CK9E
NE8TJF3CW7,Prod description for NE8TJF3CW7
L79VJTH56X,Prod description for L79VJTH56X
LRVBUZM4FC,Prod description for LRVBUZM4FC
AVNGLRF7L9,Prod description for AVNGLRF7L9
I5U4PG3A6N,Prod description for I5U4PG3A6N
ZJRZBADMWR,Prod description for ZJRZBADMWR
6FP8J2URQF,Prod description for 6FP8J2URQF
K4G3H4Q8E1,Prod description for K4G3H4Q8E1
8PZ5R6IK18,Prod description for 8PZ5R6IK18
LFWCIBY0UQ,Prod description for LFWCIBY0UQ
BZZJTKF4HR,Prod description for BZZJTKF4HR
W8KH5AYWGN,Prod description for W8KH5AYWGN
39LRV7YER6,Prod description for 39LRV7YER6
IMJHWYANDN,Prod description for IMJHWYANDN
KJQPGEVWB2,Prod description for KJQPGEVWB2
DLNOHD3AEZ,Prod description for DLNOHD3AEZ
67Y4BRCN48,Prod description for 67Y4BRCN48
XUBSA12VIB,Prod description for XUBSA12VIB
IYFSR534IF,Prod description for IYFSR534IF
WS3BGKX2U8,Prod description for WS3BGKX2U8
4SD6VKYNZR,Prod description for 4SD6VKYNZR
2HJP8QAD6H,Prod description for 2HJP8QAD6H
5JE492TF5S,Prod description for 5JE492TF5S
2WPU7P55GP,Prod description for 2WPU7P55GP
9VJ9YM99RI,Prod description for 9VJ9YM99RI
1MK3L3AK9O,Prod description for 1MK3L3AK9O
H592RDPLZ1,Prod description for H592RDPLZ1
PBDJ4P08E4,Prod description for PBDJ4P08E4
1HX26QF8RQ,Prod description for 1HX26QF8RQ
P61L8ANUYP,Prod description for P61L8ANUYP
08ITGR383P,Prod description for 08ITGR383P
FPARSGQTJA,Prod description for FPARSGQTJA
BI8V73ICS1,Prod description for BI8V73ICS1
7Q0ZATZSVR,Prod description for 7Q0ZATZSVR
0OH8PRZMXQ,Prod description for 0OH8PRZMXQ
UN39YU9IJN,Prod description for UN39YU9IJN
F38DW00U42,Prod description for F38DW00U42
ZG8289BA3X,Prod description for ZG8289BA3X
QITFN6NOH4,Prod description for QITFN6NOH4
CP7744LMKS,Prod description for CP7744LMKS
50NJJGCIP6,Prod description for 50NJJGCIP6
19P8S9SLTS,Prod description for 19P8S9SLTS
4QJ5E8CBFD,Prod description for 4QJ5E8CBFD
QE0TAJRKI3,Prod description for QE0TAJRKI3
5CHEYTKRTV,Prod description for 5CHEYTKRTV
9IYAU9JZ7F,Prod description for 9IYAU9JZ7F
28XYWVYWGM,Prod description for 28XYWVYWGM
LC0LPCCWF7,Prod description for LC0LPCCWF7
BRZHN5SUGK,Prod description for BRZHN5SUGK
3I7KV6LW35,Prod description for 3I7KV6LW35
7H9205WUX8,Prod description for 7H9205WUX8
AVK2HN331B,Prod description for AVK2HN331B
KASAIQQ2LA,Prod description for KASAIQQ2LA
BA21KJLFD9,Prod description for BA21KJLFD9
PCQ6YI72CM,Prod description for PCQ6YI72CM
N75V054863,Prod description for N75V054863
C6VWAX2HGD,Prod description for C6VWAX2HGD
YZ0HLRPYSV,Prod description for YZ0HLRPYSV
OI5X5W1GIZ,Prod description for OI5X5W1GIZ
VBD4UT7P9I,Prod description for VBD4UT7P9I
D8WPOBGXC4,Prod description for D8WPOBGXC4
WXVQSDD0IT,Prod description for WXVQSDD0IT
252JEYK2BZ,Prod description for 252JEYK2BZ
E2DVHTN5WC,Prod description for E2DVHTN5WC
2BBN52WDDX,Prod description for 2BBN52WDDX
G3W7CXLKXD,Prod description for G3W7CXLKXD
MI2TFN05SJ,Prod description for MI2TFN05SJ
NV7GJVNYIQ,Prod description for NV7GJVNYIQ
LJUKJ10HSS,Prod description for LJUKJ10HSS
9EDS9CTUIJ,Prod description for 9EDS9CTUIJ
1N8N1BN5CH,Prod description for 1N8N1BN5CH
I2PTQMX539,Prod description for I2PTQMX539
36BAAW8D0Y,Prod description for 36BAAW8D0Y
SMPCSW61VV,Prod description for SMPCSW61VV
AR1TXMH0PP,Prod description for AR1TXMH0PP
5HA5O3ZLKT,Prod description for 5HA5O3ZLKT
D8IN85NA81,Prod description for D8IN85NA81
F4KNFZZBB6,Prod description for F4KNFZZBB6
QNZKGPNNS3,Prod description for QNZKGPNNS3
CFFZ6LVVOV,Prod description for CFFZ6LVVOV
4RCLB0AIH0,Prod description for 4RCLB0AIH0
ZWBXCQ5L89,Prod description for ZWBXCQ5L89
ZRERNVWL6B,Prod description for ZRERNVWL6B
TXARCUBWLH,Prod description for TXARCUBWLH
BY6T78NOBG,Prod description for BY6T78NOBG
NPX1RWR4UA,Prod description for NPX1RWR4UA
5SMDAXDMVN,Prod description for 5SMDAXDMVN
EEVR98P8YT,Prod description for EEVR98P8YT
CVLEIZULV1,Prod description for CVLEIZULV1
845MRIV1P2,Prod description for 845MRIV1P2
8OOI9LNL9E,Prod description for 8OOI9LNL9E
J7Q43FPV3E,Prod description for J7Q43FPV3E
49ZBNPHEUM,Prod description for 49ZBNPHEUM
LSTGKJ7SU8,Prod description for LSTGKJ7SU8
HSD9Z4OQWQ,Prod description for HSD9Z4OQWQ
UGCLR1FDZB,Prod description for UGCLR1FDZB
I11X15S9IE,Prod description for I11X15S9IE
A2R9CP94FY,Prod description for A2R9CP94FY
QLP589JO96,Prod description for QLP589JO96
FHZRTUHBMJ,Prod description for FHZRTUHBMJ
SKKE85CCTG,Prod description for SKKE85CCTG
SK6Y8ML05B,Prod description for SK6Y8ML05B
WQPPRSN042,Prod description for WQPPRSN042
9XH6YHR2VZ,Prod description for 9XH6YHR2VZ
LAE4B10BUW,Prod description for LAE4B10BUW
AYGHJTKJGB,Prod description for AYGHJTKJGB
SGX8AP32RN,Prod description for SGX8AP32RN
31TOKQN90K,Prod description for 31TOKQN90K
FLC112TGGV,Prod description for FLC112TGGV
J5IT1OA85A,Prod description for J5IT1OA85A
X2LKKPOE5V,Prod description for X2LKKPOE5V
FHUZD9UF55,Prod description for FHUZD9UF55
I4677MYZJR,Prod description for I4677MYZJR
QK4DL4A4Z3,Prod description for QK4DL4A4Z3
AKAHMJMXQG,Prod description for AKAHMJMXQG
715NMPIFRB,Prod description for 715NMPIFRB
LECJTSYI9G,Prod description for LECJTSYI9G
54M65KMVJW,Prod description for 54M65KMVJW
WXDPCRYEKO,Prod description for WXDPCRYEKO
8J7TRBCR6O,Prod description for 8J7TRBCR6O
6MKX7V7H83,Prod description for 6MKX7V7H83
AEPHG5WP9O,Prod description for AEPHG5WP9O
BA19QI0SS3,Prod description for BA19QI0SS3
OU5I716DZN,Prod description for OU5I716DZN
EKLL3XLWTX,Prod description for EKLL3XLWTX
72Y72VZAQU,Prod description for 72Y72VZAQU
HGSOVPCHEJ,Prod description for HGSOVPCHEJ
0SF8NHHWDC,Prod description for 0SF8NHHWDC
3LG8P0GPKJ,Prod description for 3LG8P0GPKJ
C9P2CQXENZ,Prod description for C9P2CQXENZ
2NF8RIEXN3,Prod description for 2NF8RIEXN3
D5CJJR1BX3,Prod description for D5CJJR1BX3
SXF06GAY9X,Prod description for SXF06GAY9X
TETMWJQU0O,Prod description for TETMWJQU0O
PKFNBM5QX4,Prod description for PKFNBM5QX4
150DFJ7I5H,Prod description for 150DFJ7I5H
0WF0H9JZOS,Prod description for 0WF0H9JZOS
UM6TQNDYCK,Prod description for UM6TQNDYCK
A45CQBOJRE,Prod description for A45CQBOJRE
621WXX73RV,Prod description for 621WXX73RV
Y0RYKFVHBF,Prod description for Y0RYKFVHBF
UVFLVSWQ7P,Prod description for UVFLVSWQ7P
AWYQ1VN25K,Prod description for AWYQ1VN25K
9BV3LCQP8B,Prod description for 9BV3LCQP8B
SP77LL3DBT,Prod description for SP77LL3DBT
P880VO1R32,Prod description for P880VO1R32
EON141RS27,Prod description for EON141RS27
LABBH9ZQYG,Prod description for LABBH9ZQYG
TKKJ3OHMK6,Prod description for TKKJ3OHMK6
89DZEOZDV4,Prod description for 89DZEOZDV4
3PQXY422LN,Prod description for 3PQXY422LN
1P9BWTE0BO,Prod description for 1P9BWTE0BO
E5VK5W8UT0,Prod description for E5VK5W8UT0
0HC9ZZPRNZ,Prod description for 0HC9ZZPRNZ
ME8EVS5Y95,Prod description for ME8EVS5Y95
YJDBJSDGTC,Prod description for YJDBJSDGTC
HEL36J53YZ,Prod description for HEL36J53YZ
R7IL3C05WD,Prod description for R7IL3C05WD
LI3Y6T98V1,Prod description for LI3Y6T98V1
LYEI9JK7GA,Prod description for LYEI9JK7GA
X6TKDN5K1G,Prod description for X6TKDN5K1G
BDBKXD3VMM,Prod description for BDBKXD3VMM
KM5W0DJGW3,Prod description for KM5W0DJGW3
2J67VF9LXI,Prod description for 2J67VF9LXI
PYHM3QSP9K,Prod description for PYHM3QSP9K
RGJTCAI0LI,Prod description for RGJTCAI0LI
LSEPGC7P71,Prod description for LSEPGC7P71
T22QLYNUKS,Prod description for T22QLYNUKS
HV89OJEKD9,Prod description for HV89OJEKD9
K06MD55OPY,Prod description for K06MD55OPY
PTXH6QZFH7,Prod description for PTXH6QZFH7
WRS790SPCK,Prod description for WRS790SPCK
NWDDGKD9HA,Prod description for NWDDGKD9HA
OT4L5RE14X,Prod description for OT4L5RE14X
45TDTKGO65,Prod description for 45TDTKGO65
WN7HW12JNN,Prod description for WN7HW12JNN
KV507QNM2Z,Prod description for KV507QNM2Z
X340JRSGCS,Prod description for X340JRSGCS
7W6L044Y6T,Prod description for 7W6L044Y6T
Z1AYTIY3O0,Prod description for Z1AYTIY3O0
2MZKF9I0XS,Prod description for 2MZKF9I0XS
V8WTP5P2TW,Prod description for V8WTP5P2TW
8XU44P8EGT,Prod description for 8XU44P8EGT
VX1JMW9N5S,Prod description for VX1JMW9N5S
9U19E9UGVP,Prod description for 9U19E9UGVP
YE42APQ743,Prod description for YE42APQ743
CAKSUSSC9K,Prod description for CAKSUSSC9K
JYFNDMO3K8,Prod description for JYFNDMO3K8
MRXM8ZXW5L,Prod description for MRXM8ZXW5L
OYWK69PRTJ,Prod description for OYWK69PRTJ
LWCHG38G0Z,Prod description for LWCHG38G0Z
YOA2MHI17T,Prod description for YOA2MHI17T
MDGM2OPKP1,Prod description for MDGM2OPKP1
I9HCE81JDB,Prod description for I9HCE81JDB
6QIF77OFR9,Prod description for 6QIF77OFR9
BOZLM7V8WL,Prod description for BOZLM7V8WL
ATXXSQRUCZ,Prod description for ATXXSQRUCZ
F6DORZ3IW3,Prod description for F6DORZ3IW3
VH41TZ9SK3,Prod description for VH41TZ9SK3
4AEGBWE1US,Prod description for 4AEGBWE1US
RTWFJDX61R,Prod description for RTWFJDX61R
CF55BX3NI5,Prod description for CF55BX3NI5
4M8U4390VF,Prod description for 4M8U4390VF
88FTA1LHV3,Prod description for 88FTA1LHV3
X165NSOTA1,Prod description for X165NSOTA1
GSP035UMSK,Prod description for GSP035UMSK
1TDXWBEOB9,Prod description for 1TDXWBEOB9
SQ50X4RPTL,Prod description for SQ50X4RPTL
OOI2DUM2KF,Prod description for OOI2DUM2KF
K1BRQHC7QB,Prod description for K1BRQHC7QB
LTF18KALI2,Prod description for LTF18KALI2
VO76VIGNLG,Prod description for VO76VIGNLG
LYLKL8UTNC,Prod description for LYLKL8UTNC
8PI39JVOLK,Prod description for 8PI39JVOLK
0KSLVYF9GM,Prod description for 0KSLVYF9GM
N78XXOX2UT,Prod description for N78XXOX2UT
NRZRIS4LZ4,Prod description for NRZRIS4LZ4
90SS0V1JE6,Prod description for 90SS0V1JE6
RQD26E6QA9,Prod description for RQD26E6QA9
34XECA04Y1,Prod description for 34XECA04Y1
SJO5D8X71L,Prod description for SJO5D8X71L
1EIXTY70UW,Prod description for 1EIXTY70UW
XKG4D0VUKH,Prod description for XKG4D0VUKH
8EHVDEE7B7,Prod description for 8EHVDEE7B7
DVQBVXEHHL,Prod description for DVQBVXEHHL
SGK4YW47EG,Prod description for SGK4YW47EG
C77GJMGZ2Y,Prod description for C77GJMGZ2Y
TS0WSMYPH5,Prod description for TS0WSMYPH5
GDR6LF29FV,Prod description for GDR6LF29FV
BIMS1TRU70,Prod description for BIMS1TRU70
6MEKBIGFWA,Prod description for 6MEKBIGFWA
CJCBV3D5YP,Prod description for CJCBV3D5YP
5KB35KP181,Prod description for 5KB35KP181
WVM13UPR9Z,Prod description for WVM13UPR9Z
ELD6I39LFC,Prod description for ELD6I39LFC
204MFU80QS,Prod description for 204MFU80QS
4T0724THFZ,Prod description for 4T0724THFZ
4FCKRGIK8X,Prod description for 4FCKRGIK8X
SCM4IMJH03,Prod description for SCM4IMJH03
6R67RKL7BE,Prod description for 6R67RKL7BE
M4JC4H15D3,Prod description for M4JC4H15D3
B06H4CC331,Prod description for B06H4CC331
JOVSGCRHOK,Prod description for JOVSGCRHOK
ZVYN558L5Z,Prod description for ZVYN558L5Z
CEEZ86ERZA,Prod description for CEEZ86ERZA
QSFYSXS0R4,Prod description for QSFYSXS0R4
IXKVWTHPSB,Prod description for IXKVWTHPSB
OIOP7L6XKS,Prod description for OIOP7L6XKS
OUVLCSC00Y,Prod description for OUVLCSC00Y
HSNK0TUHH7,Prod description for HSNK0TUHH7
DA1KJWUH5C,Prod description for DA1KJWUH5C
65JDAZGLTX,Prod description for 65JDAZGLTX
I9EMKUV7WV,Prod description for I9EMKUV7WV
HTLEYZHV7K,Prod description for HTLEYZHV7K
GJVBQTZJG5,Prod description for GJVBQTZJG5
XWU078EHLI,Prod description for XWU078EHLI
XJJVTEJFK2,Prod description for XJJVTEJFK2
B00QQC1F8F,Prod description for B00QQC1F8F
6TKUD7YLD6,Prod description for 6TKUD7YLD6
YI54OM9SIB,Prod description for YI54OM9SIB
QRPEDKZRWL,Prod description for QRPEDKZRWL
UBQ0ULES69,Prod description for UBQ0ULES69
MQ04A1TAB7,Prod description for MQ04A1TAB7
U79ZH7CF8O,Prod description for U79ZH7CF8O
0ULI4YT87Q,Prod description for 0ULI4YT87Q
YHXXAMG8HJ,Prod description for YHXXAMG8HJ
H27VDIQ6BQ,Prod description for H27VDIQ6BQ
0F15BPUCPA,Prod description for 0F15BPUCPA
5A8W27XH9N,Prod description for 5A8W27XH9N
DC5J776PHH,Prod description for DC5J776PHH
KJ3Y3SIS2N,Prod description for KJ3Y3SIS2N
IS2VIWTD4D,Prod description for IS2VIWTD4D
HAM7ITXSRS,Prod description for HAM7ITXSRS
D4P0VUSE6M,Prod description for D4P0VUSE6M
LMD7JX1DOJ,Prod description for LMD7JX1DOJ
V0WW1VMU6F,Prod description for V0WW1VMU6F
COX0PPH5TP,Prod description for COX0PPH5TP
XRZ8SKCSDC,Prod description for XRZ8SKCSDC
TH6HQ4EDO6,Prod description for TH6HQ4EDO6
8A3SX3MBH0,Prod description for 8A3SX3MBH0
J3GURS5NBP,Prod description for J3GURS5NBP
T2AFDLE1MJ,Prod description for T2AFDLE1MJ
3AVMQXFON8,Prod description for 3AVMQXFON8
N5XCGJVFP6,Prod description for N5XCGJVFP6
HY2O1BG8I5,Prod description for HY2O1BG8I5
2742NB9UQU,Prod description for 2742NB9UQU
JGFLR29ZX6,Prod description for JGFLR29ZX6
UKTFL5XJ7A,Prod description for UKTFL5XJ7A
A5RAYESNWW,Prod description for A5RAYESNWW
DXV3XJGI5A,Prod description for DXV3XJGI5A
BIJOBF0KE9,Prod description for BIJOBF0KE9
4488SJTRU6,Prod description for 4488SJTRU6
DP8ZF05W9A,Prod description for DP8ZF05W9A
BEFH3DK3TZ,Prod description for BEFH3DK3TZ
OEYQHBCERR,Prod description for OEYQHBCERR
U9J5UV842X,Prod description for U9J5UV842X
9HW7H68EFP,Prod description for 9HW7H68EFP
OFQC25ZS1N,Prod description for OFQC25ZS1N
RODHDLVD5V,Prod description for RODHDLVD5V
JFGRH25LBF,Prod description for JFGRH25LBF
AYFN7H7JN3,Prod description for AYFN7H7JN3
ZWB6SIN3LH,Prod description for ZWB6SIN3LH
Q4A81YVTBQ,Prod description for Q4A81YVTBQ
UA6DEISBSG,Prod description for UA6DEISBSG
1HDFRBIGRF,Prod description for 1HDFRBIGRF
HNU8JK64FB,Prod description for HNU8JK64FB
X7CPY78838,Prod description for X7CPY78838
RDALJ0FFWU,Prod description for RDALJ0FFWU
LQUWNQG9RP,Prod description for LQUWNQG9RP
XJYAHSE9AD,Prod description for XJYAHSE9AD
IVSUOX2Q2A,Prod description for IVSUOX2Q2A
KO2MMP5NG9,Prod description for KO2MMP5NG9
BJNYRNCRM6,Prod description for BJNYRNCRM6
E5FJC1MIMB,Prod description for E5FJC1MIMB
X8R57YSC1B,Prod description for X8R57YSC1B
MZHC16A33Z,Prod description for MZHC16A33Z
P5SF8U0DIE,Prod description for P5SF8U0DIE
4S2J5I3J6U,Prod description for 4S2J5I3J6U
9KMXCXATH1,Prod description for 9KMXCXATH1
0CJW6STAU8,Prod description for 0CJW6STAU8
5UTY1DPDDB,Prod description for 5UTY1DPDDB
CYOEVIWBUX,Prod description for CYOEVIWBUX
HH7I6DLB7C,Prod description for HH7I6DLB7C
E8MRDNTNM5,Prod description for E8MRDNTNM5
B6ZEK2I7HM,Prod description for B6ZEK2I7HM
FR0Q650XYZ,Prod description for FR0Q650XYZ
B5C0WW1NNN,Prod description for B5C0WW1NNN
PR0G3HXTOM,Prod description for PR0G3HXTOM
U3YQIRFQCM,Prod description for U3YQIRFQCM
PBJ25XAROY,Prod description for PBJ25XAROY
3L84JJ4X4M,Prod description for 3L84JJ4X4M
GBMI7FV7XP,Prod description for GBMI7FV7XP
YLUKM3VP27,Prod description for YLUKM3VP27
BLHFDNY2EV,Prod description for BLHFDNY2EV
KTUINDOLMU,Prod description for KTUINDOLMU
714ASG9AB6,Prod description for 714ASG9AB6
807O1L35YQ,Prod description for 807O1L35YQ
256ZIC21I9,Prod description for 256ZIC21I9
9S73JLSN2P,Prod description for 9S73JLSN2P
6UXI5SIL5J,Prod description for 6UXI5SIL5J
0BH523J11T,Prod description for 0BH523J11T
DBBSZ49OHG,Prod description for DBBSZ49OHG
M8C0MTIHBI,Prod description for M8C0MTIHBI
LSIO3M9H7N,Prod description for LSIO3M9H7N
4ZQOK0PD2R,Prod description for 4ZQOK0PD2R
5ECCPI63JK,Prod description for 5ECCPI63JK
K04G5BR05D,Prod description for K04G5BR05D
IP2D0IQDLZ,Prod description for IP2D0IQDLZ
YKLCZ12X5M,Prod description for YKLCZ12X5M
9XCZ6OGMTR,Prod description for 9XCZ6OGMTR
Z1ZK9JBJKE,Prod description for Z1ZK9JBJKE
R39N4327LK,Prod description for R39N4327LK
DA2XFQ9398,Prod description for DA2XFQ9398
W3XV2S79SH,Prod description for W3XV2S79SH
3S35BZ7U9L,Prod description for 3S35BZ7U9L
59YED40H22,Prod description for 59YED40H22
QJMYPKF94C,Prod description for QJMYPKF94C
PVNL7I7U52,Prod description for PVNL7I7U52
F23O4LVCUF,Prod description for F23O4LVCUF
I0A5JYXPKM,Prod description for I0A5JYXPKM
B738AYC4UX,Prod description for B738AYC4UX
TD9T7N5053,Prod description for TD9T7N5053
RJ5D6UVY04,Prod description for RJ5D6UVY04
HHDAG2I7VG,Prod description for HHDAG2I7VG
KWLZ0D59EX,Prod description for KWLZ0D59EX
RY96HGGFJB,Prod description for RY96HGGFJB
2AM6YI6O5R,Prod description for 2AM6YI6O5R
46BY6K6X3E,Prod description for 46BY6K6X3E
MBKG67CGLL,Prod description for MBKG67CGLL
XDLCSFR8LA,Prod description for XDLCSFR8LA
3COBLS87DS,Prod description for 3COBLS87DS
CVLFWOD0FX,Prod description for CVLFWOD0FX
3YU4JRD9T0,Prod description for 3YU4JRD9T0
ODXIYL0KFG,Prod description for ODXIYL0KFG
15MQYDB28X,Prod description for 15MQYDB28X
R5HKU9ACJG,Prod description for R5HKU9ACJG
YJ6P7GKL6C,Prod description for YJ6P7GKL6C
DTOYJATXQT,Prod description for DTOYJATXQT
6QZ28X93WD,Prod description for 6QZ28X93WD
8VUFR1GG9Y,Prod description for 8VUFR1GG9Y
43G7HEUZZI,Prod description for 43G7HEUZZI
127ZUO7BKG,Prod description for 127ZUO7BKG
ERY720SGX7,Prod description for ERY720SGX7
KB4RCU9RHY,Prod description for KB4RCU9RHY
MVV02LNHC4,Prod description for MVV02LNHC4
ELZV2FURMP,Prod description for ELZV2FURMP
SV9IGQ7MB3,Prod description for SV9IGQ7MB3
A8ZX9Y3DCO,Prod description for A8ZX9Y3DCO
WZCCZP6IDK,Prod description for WZCCZP6IDK
TTT6CKUGAM,Prod description for TTT6CKUGAM
9EA6G98BLR,Prod description for 9EA6G98BLR
EZ44JB5QAL,Prod description for EZ44JB5QAL
H5Y1AMZX9V,Prod description for H5Y1AMZX9V
3J9YLQ1G5G,Prod description for 3J9YLQ1G5G
B938WHJ6JU,Prod description for B938WHJ6JU
RMWD0WQ5S8,Prod description for RMWD0WQ5S8
7MTGP7WLMB,Prod description for 7MTGP7WLMB
ZESUV1LCEE,Prod description for ZESUV1LCEE
IEOTUFYTW4,Prod description for IEOTUFYTW4
3BRMTVSVLT,Prod description for 3BRMTVSVLT
880QNPFXE3,Prod description for 880QNPFXE3
K6LL2F8A59,Prod description for K6LL2F8A59
03L03XBBRR,Prod description for 03L03XBBRR
HEGI4H121L,Prod description for HEGI4H121L
OW9RI1MPYK,Prod description for OW9RI1MPYK
V0CIE7B7OX,Prod description for V0CIE7B7OX
3N8TUZUBA5,Prod description for 3N8TUZUBA5
7GGQY7PQ4L,Prod description for 7GGQY7PQ4L
AZ8ALVAAMJ,Prod description for AZ8ALVAAMJ
SY2TBEXAD5,Prod description for SY2TBEXAD5
QH78LPIPGL,Prod description for QH78LPIPGL
YDAMKIGXGR,Prod description for YDAMKIGXGR
XX3OB1ITBV,Prod description for XX3OB1ITBV
O8JK24ZC5W,Prod description for O8JK24ZC5W
VLHS5GIKMK,Prod description for VLHS5GIKMK
YHUGT41CVB,Prod description for YHUGT41CVB
XYK6KKLN6T,Prod description for XYK6KKLN6T
J0CVZM50P0,Prod description for J0CVZM50P0
56F7XC8N9P,Prod description for 56F7XC8N9P
ULPU1ORXGY,Prod description for ULPU1ORXGY
OTK8GOH678,Prod description for OTK8GOH678
IJZOKY7BEJ,Prod description for IJZOKY7BEJ
KFMOWCBTA1,Prod description for KFMOWCBTA1
YS5MZNGX4F,Prod description for YS5MZNGX4F
XVAAOKXW8O,Prod description for XVAAOKXW8O
D1597P33NJ,Prod description for D1597P33NJ
4OWKYWBSBK,Prod description for 4OWKYWBSBK
39HY1A04VK,Prod description for 39HY1A04VK
DSVL8XY3U3,Prod description for DSVL8XY3U3
O8NXNHX4XN,Prod description for O8NXNHX4XN
870AWP53EB,Prod description for 870AWP53EB
93J2P6Z1AJ,Prod description for 93J2P6Z1AJ
0VU29B74HP,Prod description for 0VU29B74HP
VD1JKFF2PH,Prod description for VD1JKFF2PH
ZPDOXGNV26,Prod description for ZPDOXGNV26
VF74ZWA9Z3,Prod description for VF74ZWA9Z3
9TAOPSPMAN,Prod description for 9TAOPSPMAN
CGYY8MNZ25,Prod description for CGYY8MNZ25
1JMS4VJ0EZ,Prod description for 1JMS4VJ0EZ
2FC6X6V2ET,Prod description for 2FC6X6V2ET
J8XMAME1FU,Prod description for J8XMAME1FU
ML7QNA91B7,Prod description for ML7QNA91B7
1WJE6D5E6T,Prod description for 1WJE6D5E6T
J89KVFL99O,Prod description for J89KVFL99O
OUUHBC82XM,Prod description for OUUHBC82XM
45GXLOH92F,Prod description for 45GXLOH92F
SGA7O2WCI8,Prod description for SGA7O2WCI8
A6YONZZSXA,Prod description for A6YONZZSXA
S7YXUARRIV,Prod description for S7YXUARRIV
X0KS8PU1HG,Prod description for X0KS8PU1HG
X6N2A0C9BA,Prod description for X6N2A0C9BA
OC6Q9GM0ZF,Prod description for OC6Q9GM0ZF
WRYF7AC4MC,Prod description for WRYF7AC4MC
QDGU09BX6M,Prod description for QDGU09BX6M
OBCFNEIXM5,Prod description for OBCFNEIXM5
PUFNZJZU2H,Prod description for PUFNZJZU2H
G1XR5IE4TI,Prod description for G1XR5IE4TI
Q1P20LOFX4,Prod description for Q1P20LOFX4
8QKY1PBH9A,Prod description for 8QKY1PBH9A
OO9OA9PWWJ,Prod description for OO9OA9PWWJ
63F4VFEWZ7,Prod description for 63F4VFEWZ7
ZD43DC926G,Prod description for ZD43DC926G
MTSIZUHEUU,Prod description for MTSIZUHEUU
ZZELB7G4F2,Prod description for ZZELB7G4F2
TGLUAJOO42,Prod description for TGLUAJOO42
F1PGESLCDN,Prod description for F1PGESLCDN
QUAKJ1LW1A,Prod description for QUAKJ1LW1A
EGA9Q2HO67,Prod description for EGA9Q2HO67
9XNYISINO3,Prod description for 9XNYISINO3
VV0I9K0LT9,Prod description for VV0I9K0LT9
GKUJS27N8S,Prod description for GKUJS27N8S
RX0ID7BNQD,Prod description for RX0ID7BNQD
GHXCKRZE2Y,Prod description for GHXCKRZE2Y
90OFSEDJQ7,Prod description for 90OFSEDJQ7
D910KCOXCL,Prod description for D910KCOXCL
U07WP0W46W,Prod description for U07WP0W46W
K5D4TVUOUS,Prod description for K5D4TVUOUS
ZJST42RLN0,Prod description for ZJST42RLN0
BP9ZKJX5RZ,Prod description for BP9ZKJX5RZ
DFE4H8ZMTW,Prod description for DFE4H8ZMTW
IA8WLM0FFQ,Prod description for IA8WLM0FFQ
UGV8Y3LTCI,Prod description for UGV8Y3LTCI
R6J0WWFOZI,Prod description for R6J0WWFOZI
VZSLYYS2QA,Prod description for VZSLYYS2QA
VXEG0M2BIH,Prod description for VXEG0M2BIH
U0P6T4EWEN,Prod description for U0P6T4EWEN
KK51ZM03C9,Prod description for KK51ZM03C9
N5HR4KM3RL,Prod description for N5HR4KM3RL
JUU7899ORM,Prod description for JUU7899ORM
USPGUQ16PG,Prod description for USPGUQ16PG
ABB5KAK5TN,Prod description for ABB5KAK5TN
19YDD7I2SU,Prod description for 19YDD7I2SU
CMRJ39H8UC,Prod description for CMRJ39H8UC
KIDSZNEADT,Prod description for KIDSZNEADT
0HJBV1S9FU,Prod description for 0HJBV1S9FU
KWV3WOT5VF,Prod description for KWV3WOT5VF
12Z3BQG041,Prod description for 12Z3BQG041
LIS39NB5DI,Prod description for LIS39NB5DI
HOBA7I6N1S,Prod description for HOBA7I6N1S
70PMM6N06C,Prod description for 70PMM6N06C
B6AZRMA62N,Prod description for B6AZRMA62N
AKQM7OH0L7,Prod description for AKQM7OH0L7
K0KFBZWR72,Prod description for K0KFBZWR72
77C9I7L4GV,Prod description for 77C9I7L4GV
DHVDXKMRSP,Prod description for DHVDXKMRSP
PT4DCZ6NHR,Prod description for PT4DCZ6NHR
YV6VPQWZRS,Prod description for YV6VPQWZRS
FMTVM8ETY2,Prod description for FMTVM8ETY2
KJ2VTQX9LR,Prod description for KJ2VTQX9LR
GNPDVSQUVR,Prod description for GNPDVSQUVR
5XEB23ZW63,Prod description for 5XEB23ZW63
2EAW0IA0DX,Prod description for 2EAW0IA0DX
HG7I0QFPWQ,Prod description for HG7I0QFPWQ
0Y9O0AA78I,Prod description for 0Y9O0AA78I
0R6VLTOXB0,Prod description for 0R6VLTOXB0
IGWEZZYZRG,Prod description for IGWEZZYZRG
HIW4LVPPHP,Prod description for HIW4LVPPHP
38QFN974GM,Prod description for 38QFN974GM
JZ0FP7TIKD,Prod description for JZ0FP7TIKD
2AY3IZGMO4,Prod description for 2AY3IZGMO4
PYH6VTFZU9,Prod description for PYH6VTFZU9
IA5BBJIW43,Prod description for IA5BBJIW43
6AJEBN1HMX,Prod description for 6AJEBN1HMX
HDGU5XNTBJ,Prod description for HDGU5XNTBJ
HUP1OZQ5PA,Prod description for HUP1OZQ5PA
YYHC3RX9I5,Prod description for YYHC3RX9I5
DMY0OIB6RW,Prod description for DMY0OIB6RW
ALC33GDSB7,Prod description for ALC33GDSB7
XZACJMIM7S,Prod description for XZACJMIM7S
2XH9K5HZEN,Prod description for 2XH9K5HZEN
7DQTPUL6U0,Prod description for 7DQTPUL6U0
2HRTWZDOU2,Prod description for 2HRTWZDOU2
Q4NM71OL0H,Prod description for Q4NM71OL0H
B9F0X33P5D,Prod description for B9F0X33P5D
JX5RBIUVNL,Prod description for JX5RBIUVNL
TQOUD6E0XA,Prod description for TQOUD6E0XA
LYMRGX6GBZ,Prod description for LYMRGX6GBZ
SU2XWCTLZJ,Prod description for SU2XWCTLZJ
P0PLCE4W7L,Prod description for P0PLCE4W7L
O719HI7JKR,Prod description for O719HI7JKR
1UZ1O4LA5R,Prod description for 1UZ1O4LA5R
K8A0ISELGU,Prod description for K8A0ISELGU
VBS9ZYJGFA,Prod description for VBS9ZYJGFA
467TH1JGP7,Prod description for 467TH1JGP7
0SMNMGXR0Z,Prod description for 0SMNMGXR0Z
LW6TZIWO6E,Prod description for LW6TZIWO6E
K0FVANMP44,Prod description for K0FVANMP44
RHVDL0ICI0,Prod description for RHVDL0ICI0
XIOZ4NHOLK,Prod description for XIOZ4NHOLK
TMNSQU7HKK,Prod description for TMNSQU7HKK
E2FCF76ESQ,Prod description for E2FCF76ESQ
HW7JPDWEFX,Prod description for HW7JPDWEFX
J784PU6Q56,Prod description for J784PU6Q56
349S9ICK2A,Prod description for 349S9ICK2A
U8FWXPGNB1,Prod description for U8FWXPGNB1
XRCEBNK35P,Prod description for XRCEBNK35P
5KRVZHXJGW,Prod description for 5KRVZHXJGW
RWHN4M7TGF,Prod description for RWHN4M7TGF
Z823YQCAE0,Prod description for Z823YQCAE0
1XWH994OCR,Prod description for 1XWH994OCR
GRGKYOO0Y2,Prod description for GRGKYOO0Y2
1U21OIQVIX,Prod description for 1U21OIQVIX
LE2NHXJV81,Prod description for LE2NHXJV81
FU9G5FW9AF,Prod description for FU9G5FW9AF
SBM4BLA4HU,Prod description for SBM4BLA4HU
0CKZIWJUA6,Prod description for 0CKZIWJUA6
TXU5RCGNVW,Prod description for TXU5RCGNVW
BPOMXI18T6,Prod description for BPOMXI18T6
GP1ZJOT8L8,Prod description for GP1ZJOT8L8
HZRR0QOY77,Prod description for HZRR0QOY77
QO7SSD0ITA,Prod description for QO7SSD0ITA
7X3AJMGKYV,Prod description for 7X3AJMGKYV
ZNKKJ700ZS,Prod description for ZNKKJ700ZS
O3OR5UKWQD,Prod description for O3OR5UKWQD
ZMVR8E3URU,Prod description for ZMVR8E3URU
TV4D5IANSL,Prod description for TV4D5IANSL
DGPXNV5GXR,Prod description for DGPXNV5GXR
1CUPFGPYB9,Prod description for 1CUPFGPYB9
5IJDO04KTN,Prod description for 5IJDO04KTN
LBUW7398AC,Prod description for LBUW7398AC
3HC0Q7TLXQ,Prod description for 3HC0Q7TLXQ
Y0W40OU6V0,Prod description for Y0W40OU6V0
T3VIDUVQKC,Prod description for T3VIDUVQKC
5L05CXENM1,Prod description for 5L05CXENM1
VL08PW586H,Prod description for VL08PW586H
7QR20IZ7FS,Prod description for 7QR20IZ7FS
ZUZ1QS9YDT,Prod description for ZUZ1QS9YDT
HETUM4ZACJ,Prod description for HETUM4ZACJ
CAF8HJJTAH,Prod description for CAF8HJJTAH
O5R3ZG0HGH,Prod description for O5R3ZG0HGH
7IWG797JC5,Prod description for 7IWG797JC5
E9BXLT7PZ8,Prod description for E9BXLT7PZ8
DDLPMC59YC,Prod description for DDLPMC59YC
2AWWZ5EX6E,Prod description for 2AWWZ5EX6E
91ZIHDCYOE,Prod description for 91ZIHDCYOE
QNQ26FGGIN,Prod description for QNQ26FGGIN
8HY2235KH3,Prod description for 8HY2235KH3
5SHSYF7MZC,Prod description for 5SHSYF7MZC
9BR7MK6YB0,Prod description for 9BR7MK6YB0
4UORQ716MU,Prod description for 4UORQ716MU
B77HI2OSJL,Prod description for B77HI2OSJL
X3H0IPRQDZ,Prod description for X3H0IPRQDZ
QLJJAIOFMD,Prod description for QLJJAIOFMD
QPQT29M3DB,Prod description for QPQT29M3DB
UGLGQF07Q7,Prod description for UGLGQF07Q7
FNAASQSUR3,Prod description for FNAASQSUR3
JKH4CJDZNM,Prod description for JKH4CJDZNM
M0XVWYTFR6,Prod description for M0XVWYTFR6
JG4K4V54G1,Prod description for JG4K4V54G1
4R2RVX03JS,Prod description for 4R2RVX03JS
1II2PKGVF1,Prod description for 1II2PKGVF1
VRE0ZR01J6,Prod description for VRE0ZR01J6
OHRLTFLKRU,Prod description for OHRLTFLKRU
9U2VDU2DTO,Prod description for 9U2VDU2DTO
TUHP45AN6A,Prod description for TUHP45AN6A
3VSFUKI3BG,Prod description for 3VSFUKI3BG
K11YVWNT9Q,Prod description for K11YVWNT9Q
706ZC17OLB,Prod description for 706ZC17OLB
MM8GUJW4MZ,Prod description for MM8GUJW4MZ
TBT9NZPPPE,Prod description for TBT9NZPPPE
7QKJQJRSRL,Prod description for 7QKJQJRSRL
5IQ4ZJH578,Prod description for 5IQ4ZJH578
4HOP9HDDS7,Prod description for 4HOP9HDDS7
H9ULQSWUA3,Prod description for H9ULQSWUA3
N0BW8MMX1N,Prod description for N0BW8MMX1N
PH2X8C4UXI,Prod description for PH2X8C4UXI
ZSL7HB5RA4,Prod description for ZSL7HB5RA4
18BNGG2UOD,Prod description for 18BNGG2UOD
Z78FHDNICP,Prod description for Z78FHDNICP
2OM9XGTF4G,Prod description for 2OM9XGTF4G
OTFUZ2ZS1S,Prod description for OTFUZ2ZS1S
400M1F0YKW,Prod description for 400M1F0YKW
FRHRELS77A,Prod description for FRHRELS77A
U6K1TQT5MT,Prod description for U6K1TQT5MT
SBWMVY9WCN,Prod description for SBWMVY9WCN
1T1D4ZXAAU,Prod description for 1T1D4ZXAAU
UFY798WMQ0,Prod description for UFY798WMQ0
BG4KODILA1,Prod description for BG4KODILA1
LECMBXWABQ,Prod description for LECMBXWABQ
KRYPI6356O,Prod description for KRYPI6356O
VYASTIPH04,Prod description for VYASTIPH04
UPYZJ2CV3Y,Prod description for UPYZJ2CV3Y
85LKEFRVCK,Prod description for 85LKEFRVCK
3MYUBDL7T5,Prod description for 3MYUBDL7T5
9QDF5EWG6H,Prod description for 9QDF5EWG6H
UC0WI6QCFD,Prod description for UC0WI6QCFD
Y8SOIB1LTH,Prod description for Y8SOIB1LTH
67HGQC0TPB,Prod description for 67HGQC0TPB
N14KL1Z4N8,Prod description for N14KL1Z4N8
NBLK3J9N42,Prod description for NBLK3J9N42
RUO1YWCIQM,Prod description for RUO1YWCIQM
WNKBLXMGKE,Prod description for WNKBLXMGKE
CQWKRAVDYC,Prod description for CQWKRAVDYC
J5WGRUZVYA,Prod description for J5WGRUZVYA
3CGHQRTPNP,Prod description for 3CGHQRTPNP
D9ZM4ASOZP,Prod description for D9ZM4ASOZP
STKGDTRDVC,Prod description for STKGDTRDVC
RTXZO0RZNS,Prod description for RTXZO0RZNS
M9CHFJ5Y20,Prod description for M9CHFJ5Y20
OOAPSZ54KA,Prod description for OOAPSZ54KA
G6XA2E69TP,Prod description for G6XA2E69TP
D9W944X6YR,Prod description for D9W944X6YR
O40WTV9JKV,Prod description for O40WTV9JKV
9UC7BFKT8D,Prod description for 9UC7BFKT8D
VSTCVXV0IV,Prod description for VSTCVXV0IV
VXB66615OA,Prod description for VXB66615OA
9GL504S8X3,Prod description for 9GL504S8X3
7HJUODK3UC,Prod description for 7HJUODK3UC
ZRYCA346IA,Prod description for ZRYCA346IA
ZJEFPLFQNJ,Prod description for ZJEFPLFQNJ
NB0WKJ3UTY,Prod description for NB0WKJ3UTY
W1VAX6AZ5O,Prod description for W1VAX6AZ5O
OE8XJTOQ31,Prod description for OE8XJTOQ31
1B42HI0V76,Prod description for 1B42HI0V76
UMBWAPWQ1Z,Prod description for UMBWAPWQ1Z
URW3RTKKNB,Prod description for URW3RTKKNB
PMHSEQOMM6,Prod description for PMHSEQOMM6
278DQXUQ8J,Prod description for 278DQXUQ8J
UZDHTDN21P,Prod description for UZDHTDN21P
IQZWDBF6U5,Prod description for IQZWDBF6U5
F16T8XJW7I,Prod description for F16T8XJW7I
BB7TJ2FOK0,Prod description for BB7TJ2FOK0
878WE3T8V1,Prod description for 878WE3T8V1
GU02IZP50E,Prod description for GU02IZP50E
9ZMPKTVSYL,Prod description for 9ZMPKTVSYL
FBJZE5SD8F,Prod description for FBJZE5SD8F
82HICNEFDQ,Prod description for 82HICNEFDQ
4C57DDT9CW,Prod description for 4C57DDT9CW
QCRH4RRPJ0,Prod description for QCRH4RRPJ0
XFF826M6YT,Prod description for XFF826M6YT
CN5GZ9IWUC,Prod description for CN5GZ9IWUC
85XU8804YE,Prod description for 85XU8804YE
0YEEA7IGUL,Prod description for 0YEEA7IGUL
H517W9U8NV,Prod description for H517W9U8NV
0E75TE7VY9,Prod description for 0E75TE7VY9
1QGTUT5IJT,Prod description for 1QGTUT5IJT
9S1X6E6YM8,Prod description for 9S1X6E6YM8
EUIRJ15141,Prod description for EUIRJ15141
IBP68N9AHX,Prod description for IBP68N9AHX
BCPAL1JDVY,Prod description for BCPAL1JDVY
7EJ8LNR5MF,Prod description for 7EJ8LNR5MF
71IQ16QGLO,Prod description for 71IQ16QGLO
JANASQN1IV,Prod description for JANASQN1IV
OF92N72UNG,Prod description for OF92N72UNG
0Z07IE8QTD,Prod description for 0Z07IE8QTD
11R9C88ZOZ,Prod description for 11R9C88ZOZ
3J333623BU,Prod description for 3J333623BU
3GYQM04AY2,Prod description for 3GYQM04AY2
AUM2HM7JTB,Prod description for AUM2HM7JTB
YV3W6K3L8I,Prod description for YV3W6K3L8I
1KJ40QHVFV,Prod description for 1KJ40QHVFV
TPNKPJIDT0,Prod description for TPNKPJIDT0
S6ENE9BM6Q,Prod description for S6ENE9BM6Q
INAZ53WHJZ,Prod description for INAZ53WHJZ
9ZAJA1XNJV,Prod description for 9ZAJA1XNJV
QLX07TO8CA,Prod description for QLX07TO8CA
MMQB7Q2KR9,Prod description for MMQB7Q2KR9
60G4T8J25K,Prod description for 60G4T8J25K
W6B1V12CPA,Prod description for W6B1V12CPA
IO3AN9HAKD,Prod description for IO3AN9HAKD
HUTTDQFJ58,Prod description for HUTTDQFJ58
GWREVM2BUG,Prod description for GWREVM2BUG
K12BP9EFWL,Prod description for K12BP9EFWL
F9WXLJ3LHS,Prod description for F9WXLJ3LHS
2KGD7KPMM5,Prod description for 2KGD7KPMM5
IUFJFJ9R1V,Prod description for IUFJFJ9R1V
CE1763B4XR,Prod description for CE1763B4XR
3ADAB52A6L,Prod description for 3ADAB52A6L
1UIDV21EM1,Prod description for 1UIDV21EM1
NE7G5O5NKW,Prod description for NE7G5O5NKW
JZK9J11XN4,Prod description for JZK9J11XN4
LEUXFV8WBL,Prod description for LEUXFV8WBL
9A2KZDZ10A,Prod description for 9A2KZDZ10A
LIR5GGV5HD,Prod description for LIR5GGV5HD
SYAE64C3Z2,Prod description for SYAE64C3Z2
HG8ZPP72KG,Prod description for HG8ZPP72KG
D5V488Y2R0,Prod description for D5V488Y2R0
1QANNMTGAO,Prod description for 1QANNMTGAO
KO4PM18YQO,Prod description for KO4PM18YQO
T1LEO6NC3J,Prod description for T1LEO6NC3J
LWFNR3QDV9,Prod description for LWFNR3QDV9
9KBHMZXR3D,Prod description for 9KBHMZXR3D
N8LLP0WJWQ,Prod description for N8LLP0WJWQ
LLP76H071J,Prod description for LLP76H071J
6BP5HZ9RA8,Prod description for 6BP5HZ9RA8
FS1IUX22YS,Prod description for FS1IUX22YS
OFO0Q96D2I,Prod description for OFO0Q96D2I
62H9A8RNQ8,Prod description for 62H9A8RNQ8
EQYZCS4MLB,Prod description for EQYZCS4MLB
0KIFSO7L7P,Prod description for 0KIFSO7L7P
CZWTHHRTJ6,Prod description for CZWTHHRTJ6
KIP5T70AHE,Prod description for KIP5T70AHE
D9MVE7P3PJ,Prod description for D9MVE7P3PJ
3OIIZA5B5J,Prod description for 3OIIZA5B5J
Y5MGI68GEP,Prod description for Y5MGI68GEP
9QNY4VYUQG,Prod description for 9QNY4VYUQG
DAUI0OK7M3,Prod description for DAUI0OK7M3
8NX75CCMT1,Prod description for 8NX75CCMT1
9GSYG1JZFA,Prod description for 9GSYG1JZFA
BE8U9TJUYZ,Prod description for BE8U9TJUYZ
O5R9IR0IUJ,Prod description for O5R9IR0IUJ
7QD71WENMX,Prod description for 7QD71WENMX
ZTS56MLQ1Y,Prod description for ZTS56MLQ1Y
NBLD7TXS1F,Prod description for NBLD7TXS1F
UV9NPH9F6A,Prod description for UV9NPH9F6A
6PQA9IS7NA,Prod description for 6PQA9IS7NA
N8CB8ZWVX6,Prod description for N8CB8ZWVX6
IKOAARH2IA,Prod description for IKOAARH2IA
C12KQ14CQA,Prod description for C12KQ14CQA
ULTG42U05Y,Prod description for ULTG42U05Y
51GFCCRLZX,Prod description for 51GFCCRLZX
RRE5U0AFYK,Prod description for RRE5U0AFYK
9S2NNCSF3N,Prod description for 9S2NNCSF3N
ESHMIXPBMC,Prod description for ESHMIXPBMC
1JN3PCZTMA,Prod description for 1JN3PCZTMA
RNG08B4G1G,Prod description for RNG08B4G1G
WI2C7ANRNJ,Prod description for WI2C7ANRNJ
ZUNFEQ2ZLJ,Prod description for ZUNFEQ2ZLJ
SSNSRXP2J3,Prod description for SSNSRXP2J3
FAZQA6ULY0,Prod description for FAZQA6ULY0
J4X41OQLX3,Prod description for J4X41OQLX3
2C6VUOPP1G,Prod description for 2C6VUOPP1G
JODKCEPZGI,Prod description for JODKCEPZGI
GOTBJCYS0I,Prod description for GOTBJCYS0I
44QJEZ6OF0,Prod description for 44QJEZ6OF0
QBPYIXCBQ2,Prod description for QBPYIXCBQ2
JJ2OYX0BVQ,Prod description for JJ2OYX0BVQ
DL58NLP5QN,Prod description for DL58NLP5QN
0DMNB7WSF5,Prod description for 0DMNB7WSF5
2LFJ0VX1AL,Prod description for 2LFJ0VX1AL
C9RFQ7V01J,Prod description for C9RFQ7V01J
S7VPQY8ZV1,Prod description for S7VPQY8ZV1
LOCPJPDJNE,Prod description for LOCPJPDJNE
C1MIZKE7SR,Prod description for C1MIZKE7SR
DZ7JY0LIRJ,Prod description for DZ7JY0LIRJ
Q8GWEYHFUD,Prod description for Q8GWEYHFUD
49IRBLMPEL,Prod description for 49IRBLMPEL
VCJ9YG63PB,Prod description for VCJ9YG63PB
XJYCLKRYUW,Prod description for XJYCLKRYUW
06FQ16BZ9B,Prod description for 06FQ16BZ9B
